{
  "per_question": [
    {
      "id": 1,
      "question": "What is the real remedy for caste system according to Document 1?",
      "retrieved_sources": [
        "speech1.txt",
        "speech1.txt",
        "speech1.txt",
        "speech1.txt",
        "speech1.txt"
      ],
      "extracted_sources": [
        "Annihilation of Caste"
      ],
      "answer": "The real remedy for the caste system, according to Document 1, is to destroy the belief in the sanctity of the shastras (Hindu scriptures) and overthrow their authority. The document argues that as long as people regard the shastras as sacred and infallible, caste will persist, and true reform is impossible without rejecting their legitimacy.\n\nSOURCES: Annihilation of Caste",
      "metrics": {
        "hit_rate": 1,
        "mrr": 1.0,
        "precision@1": 1.0,
        "precision@5": 1.0,
        "rouge_l": 0.3835616438356164,
        "bleu": 0.1647518769857379,
        "cosine_sim": 0.7174451351165771,
        "relevance": 1.0,
        "faithfulness": 0.5652173913043478
      },
      "answerable": true
    },
    {
      "id": 2,
      "question": "What does Ambedkar say about the Buddha's view on rituals in Document 2?",
      "retrieved_sources": [
        "speech2.txt",
        "speech2.txt",
        "speech2.txt",
        "speech2.txt",
        "speech2.txt"
      ],
      "extracted_sources": [
        "The Buddha and His Dhamma"
      ],
      "answer": "Ambedkar highlights that the Buddha strongly opposed ritualism, condemning practices like sacrifices, rejecting the authority of the Vedas, and denying the efficacy of prayers and the usefulness of gods. The Buddha\u2019s Dhamma instead focused on moral conduct, self-purification, and individual responsibility.\n\nSOURCES: The Buddha and His Dhamma",
      "metrics": {
        "hit_rate": 1,
        "mrr": 1.0,
        "precision@1": 1.0,
        "precision@5": 1.0,
        "rouge_l": 0.3384615384615384,
        "bleu": 0.016181676184942862,
        "cosine_sim": 0.8014859557151794,
        "relevance": 0.5555555555555556,
        "faithfulness": 0.5
      },
      "answerable": true
    },
    {
      "id": 3,
      "question": "What two types of constitutional remedies does Ambedkar mention in Document 3?",
      "retrieved_sources": [
        "speech3.txt",
        "speech3.txt",
        "speech3.txt",
        "speech3.txt",
        "speech6.txt"
      ],
      "extracted_sources": [
        "States and Minorities"
      ],
      "answer": "Ambedkar mentions two types of constitutional remedies in *Document 3*: justiciable **fundamental rights** and non-justiciable **directive principles**.\n\nSOURCES: States and Minorities",
      "metrics": {
        "hit_rate": 1,
        "mrr": 1.0,
        "precision@1": 1.0,
        "precision@5": 0.8,
        "rouge_l": 0.30303030303030304,
        "bleu": 0.015237428485138389,
        "cosine_sim": 0.7460286021232605,
        "relevance": 0.6363636363636364,
        "faithfulness": 0.6521739130434783
      },
      "answerable": true
    },
    {
      "id": 4,
      "question": "What personal experiences of untouchability does Ambedkar describe in Document 4?",
      "retrieved_sources": [
        "speech6.txt",
        "speech6.txt",
        "speech6.txt",
        "speech6.txt",
        "speech4.txt"
      ],
      "extracted_sources": [
        "The Untouchables"
      ],
      "answer": "In *Document 4*, Dr. B.R. Ambedkar describes personal experiences of untouchability such as being forced to live outside village boundaries, denied access to education, barred from owning property, and relegated to degrading, menial labor solely due to their caste status. He also highlights systemic exclusion, including the inability to enter government services or wield political power, which perpetuated their oppression.\n\nSOURCES: The Untouchables",
      "metrics": {
        "hit_rate": 1,
        "mrr": 0.2,
        "precision@1": 0.0,
        "precision@5": 0.2,
        "rouge_l": 0.1,
        "bleu": 0.008744012451824395,
        "cosine_sim": 0.49012303352355957,
        "relevance": 0.42857142857142855,
        "faithfulness": 0.4098360655737705
      },
      "answerable": true
    },
    {
      "id": 5,
      "question": "Why does Ambedkar believe Pakistan's creation was inevitable in Document 5?",
      "retrieved_sources": [
        "speech5.txt",
        "speech5.txt",
        "speech5.txt",
        "speech5.txt",
        "speech5.txt"
      ],
      "extracted_sources": [
        "Pakistan or the Partition of India"
      ],
      "answer": "Ambedkar believes Pakistan's creation was inevitable because he views Hindus and Muslims as two distinct nations with irreconcilable differences in religion, culture, language, and historical backgrounds. The Muslim community's strong consciousness of being a separate nation and their demand for a homeland where they could develop independently made coexistence under Hindu-majority rule untenable, necessitating partition.\n\nSOURCES: Pakistan or the Partition of India",
      "metrics": {
        "hit_rate": 1,
        "mrr": 1.0,
        "precision@1": 1.0,
        "precision@5": 1.0,
        "rouge_l": 0.3255813953488372,
        "bleu": 0.057335227113198065,
        "cosine_sim": 0.5646992325782776,
        "relevance": 0.5652173913043478,
        "faithfulness": 0.5084745762711864
      },
      "answerable": true
    },
    {
      "id": 6,
      "question": "Who does Ambedkar call 'broken men' in Document 6 and why?",
      "retrieved_sources": [
        "speech2.txt",
        "speech6.txt",
        "speech6.txt",
        "speech2.txt",
        "speech2.txt"
      ],
      "extracted_sources": [
        "The Untouchables"
      ],
      "answer": "In *Document 6*, Ambedkar refers to the untouchables as \"broken men\" because they were the original inhabitants of India who were defeated, subjugated, and marginalized by the invading Aryans, forced to live outside village societies and stripped of their rights and dignity.\n\nSOURCES: The Untouchables",
      "metrics": {
        "hit_rate": 1,
        "mrr": 0.5,
        "precision@1": 0.0,
        "precision@5": 0.4,
        "rouge_l": 0.3508771929824561,
        "bleu": 0.026272853013497,
        "cosine_sim": 0.6534556746482849,
        "relevance": 0.9285714285714286,
        "faithfulness": 0.6666666666666666
      },
      "answerable": true
    },
    {
      "id": 7,
      "question": "Compare Ambedkar's views on education in Documents 4 and 6",
      "retrieved_sources": [
        "speech6.txt",
        "speech4.txt",
        "speech4.txt",
        "speech4.txt",
        "speech4.txt"
      ],
      "extracted_sources": [
        "Document4.txt",
        "Document6.txt"
      ],
      "answer": "In Documents 4 and 6, Ambedkar emphasizes the transformative power of education as a tool for empowerment and social justice. In Document 4, he highlights the systemic denial of education to untouchables as part of caste oppression and advocates for collective struggle and self-organization to secure rights. Meanwhile, Document 6 reflects his personal experiences, illustrating how education\u2014despite extreme hardships\u2014provided him the resilience and intellectual foundation to challenge injustice, reinforcing his belief in education as a means of liberation.\n\nSOURCES: Document4.txt, Document6.txt",
      "metrics": {
        "hit_rate": 1,
        "mrr": 1.0,
        "precision@1": 1.0,
        "precision@5": 1.0,
        "rouge_l": 0.18518518518518515,
        "bleu": 0.04034809969146721,
        "cosine_sim": 0.6723437309265137,
        "relevance": 0.6363636363636364,
        "faithfulness": 0.26229508196721313
      },
      "answerable": true
    },
    {
      "id": 8,
      "question": "What is Ambedkar's concept of ideal society across Documents 1 and 3?",
      "retrieved_sources": [
        "speech1.txt",
        "speech1.txt",
        "speech1.txt",
        "speech2.txt",
        "speech6.txt"
      ],
      "extracted_sources": [
        "Document1.txt",
        "Document3.txt"
      ],
      "answer": "Ambedkar's concept of an ideal society, as outlined in Documents 1 and 3, is founded on the principles of **liberty, equality, and fraternity**, rejecting the constraints of tradition and caste-based oppression. He envisions a society where individuals are free from slavery\u2014whether to customs, social hierarchies, or other people\u2014and where these values are only achievable through the **abolition of caste**, which he identifies as the root of social inequality and injustice.\n\nSOURCES: Document1.txt, Document3.txt",
      "metrics": {
        "hit_rate": 1,
        "mrr": 1.0,
        "precision@1": 1.0,
        "precision@5": 0.6,
        "rouge_l": 0.15384615384615383,
        "bleu": 0.05479942208422003,
        "cosine_sim": 0.4312129020690918,
        "relevance": 0.6153846153846154,
        "faithfulness": 0.3870967741935484
      },
      "answerable": true
    },
    {
      "id": 9,
      "question": "How does Ambedkar relate political power to social change in Documents 3 and 6?",
      "retrieved_sources": [
        "speech3.txt",
        "speech1.txt",
        "speech3.txt",
        "speech1.txt",
        "speech3.txt"
      ],
      "extracted_sources": [
        "Document3.txt",
        "Document6.txt"
      ],
      "answer": "Ambedkar argues in Documents 3 and 6 that political power alone is insufficient for lasting change without underlying social transformation. He asserts that political democracy cannot endure unless it is built upon *social democracy*\u2014a society rooted in liberty, equality, and fraternity\u2014which requires dismantling oppressive structures like caste. For Ambedkar, constitutional safeguards (e.g., fundamental rights) are tools to protect minorities and foster social reform, but true progress demands addressing deep-seated beliefs (e.g., faith in the *shastras*) and systemic inequities, not just superficial legal or political adjustments.\n\nSOURCES: Document3.txt, Document6.txt",
      "metrics": {
        "hit_rate": 1,
        "mrr": 1.0,
        "precision@1": 1.0,
        "precision@5": 0.6,
        "rouge_l": 0.16216216216216217,
        "bleu": 0.006451283560711527,
        "cosine_sim": 0.5621423721313477,
        "relevance": 0.6470588235294118,
        "faithfulness": 0.375
      },
      "answerable": true
    },
    {
      "id": 10,
      "question": "What was Ambedkar's favorite food?",
      "retrieved_sources": [
        "speech2.txt",
        "speech2.txt",
        "speech2.txt",
        "speech2.txt",
        "speech4.txt"
      ],
      "extracted_sources": [],
      "answer": "There is no reliable information in the provided passages about Dr. B.R. Ambedkar's favorite food, as they focus on his philosophical and social views rather than personal preferences.\n\nSOURCES:",
      "metrics": {
        "hit_rate": 0,
        "mrr": 0.0,
        "precision@1": 0.0,
        "precision@5": 0.0,
        "rouge_l": 0.0,
        "bleu": 0.0,
        "cosine_sim": 0.0,
        "relevance": 0.0,
        "faithfulness": 0.2727272727272727
      },
      "answerable": false
    },
    {
      "id": 11,
      "question": "When did Ambedkar visit the United States?",
      "retrieved_sources": [
        "speech4.txt",
        "speech4.txt",
        "speech4.txt",
        "speech6.txt",
        "speech4.txt"
      ],
      "extracted_sources": [
        "None (The provided passages do not contain information about Ambedkar's visits to the U.S.)"
      ],
      "answer": "Dr. B.R. Ambedkar visited the United States twice: first in 1913 to pursue his postgraduate studies at Columbia University, where he earned his M.A. and Ph.D., and later in 1950 to deliver a lecture at the same institution.\n\nSOURCES: None (The provided passages do not contain information about Ambedkar's visits to the U.S.)",
      "metrics": {
        "hit_rate": 0,
        "mrr": 0.0,
        "precision@1": 0.0,
        "precision@5": 0.0,
        "rouge_l": 0.0,
        "bleu": 0.0,
        "cosine_sim": 0.0,
        "relevance": 0.0,
        "faithfulness": 0.16326530612244897
      },
      "answerable": false
    },
    {
      "id": 12,
      "question": "What is the Dhamma according to Document 2?",
      "retrieved_sources": [
        "speech2.txt",
        "speech2.txt",
        "speech2.txt",
        "speech2.txt",
        "speech2.txt"
      ],
      "extracted_sources": [
        "The Buddha and His Dhamma"
      ],
      "answer": "According to Document 2, the Dhamma, as taught by the Buddha, is a moral and social code centered on human relationships, emphasizing the avoidance of evil, the performance of good deeds, and the purification of the mind. It rejects ritualism, sacrifices, the authority of the Vedas, prayers, and the usefulness of gods, instead focusing on the law of Karma and the idea that individuals shape their own destiny.\n\nSOURCES: The Buddha and His Dhamma",
      "metrics": {
        "hit_rate": 1,
        "mrr": 1.0,
        "precision@1": 1.0,
        "precision@5": 1.0,
        "rouge_l": 0.16470588235294117,
        "bleu": 0.015925599864965462,
        "cosine_sim": 0.3882879614830017,
        "relevance": 0.7272727272727273,
        "faithfulness": 0.6111111111111112
      },
      "answerable": true
    },
    {
      "id": 13,
      "question": "What analogy does Ambedkar use for social reform in Document 1?",
      "retrieved_sources": [
        "speech1.txt",
        "speech6.txt",
        "speech1.txt",
        "speech1.txt",
        "speech1.txt"
      ],
      "extracted_sources": [
        "Document1.txt"
      ],
      "answer": "Ambedkar uses the analogy of a gardener pruning leaves and branches without attacking the roots to describe social reform, arguing that superficial changes fail to address the core issue\u2014the deep-seated belief in the sanctity of the shastras, which perpetuates caste.\n\nSOURCES: Document1.txt",
      "metrics": {
        "hit_rate": 1,
        "mrr": 1.0,
        "precision@1": 1.0,
        "precision@5": 0.8,
        "rouge_l": 0.3571428571428571,
        "bleu": 0.19396927209044976,
        "cosine_sim": 0.5109968185424805,
        "relevance": 0.9166666666666666,
        "faithfulness": 0.5384615384615384
      },
      "answerable": true
    },
    {
      "id": 14,
      "question": "What fundamental rights does Ambedkar mention in Document 3?",
      "retrieved_sources": [
        "speech3.txt",
        "speech3.txt",
        "speech3.txt",
        "speech6.txt",
        "speech6.txt"
      ],
      "extracted_sources": [
        "States and Minorities"
      ],
      "answer": "In Document 3, Ambedkar mentions the following fundamental rights: the right to equality, the right to freedom, the right against exploitation, and the right to constitutional remedies. These rights are emphasized as essential for protecting minorities from the tyranny of the majority.\n\nSOURCES: States and Minorities",
      "metrics": {
        "hit_rate": 1,
        "mrr": 1.0,
        "precision@1": 1.0,
        "precision@5": 0.6,
        "rouge_l": 0.4067796610169491,
        "bleu": 0.13733465907927725,
        "cosine_sim": 0.6874749660491943,
        "relevance": 0.9090909090909091,
        "faithfulness": 0.6857142857142857
      },
      "answerable": true
    },
    {
      "id": 15,
      "question": "How did Ambedkar struggle for education according to Document 4?",
      "retrieved_sources": [
        "speech6.txt",
        "speech4.txt",
        "speech4.txt",
        "speech4.txt",
        "speech4.txt"
      ],
      "extracted_sources": [
        "Document 4"
      ],
      "answer": "Dr. B.R. Ambedkar struggled relentlessly for education despite facing severe discrimination and hardship. He was forced to sit outside classrooms due to untouchability, studied under streetlights when he couldn\u2019t afford kerosene, and endured systemic exclusion, yet his determination to gain knowledge remained unshaken, viewing education as the key to liberation and empowerment for the oppressed.\n\nSOURCES: Document 4",
      "metrics": {
        "hit_rate": 1,
        "mrr": 0.5,
        "precision@1": 0.0,
        "precision@5": 0.8,
        "rouge_l": 0.2105263157894737,
        "bleu": 0.016914912041190378,
        "cosine_sim": 0.47359132766723633,
        "relevance": 0.35294117647058826,
        "faithfulness": 0.3148148148148148
      },
      "answerable": true
    },
    {
      "id": 16,
      "question": "What does Ambedkar say about the unity of India in Document 5?",
      "retrieved_sources": [
        "speech5.txt",
        "speech5.txt",
        "speech6.txt",
        "speech1.txt",
        "speech5.txt"
      ],
      "extracted_sources": [
        "Document 5"
      ],
      "answer": "In Document 5, Ambedkar argues that the unity of India is artificial, asserting that it was imposed by British colonial rule rather than emerging organically. He contends that India was never truly united before British governance and advocates for the partition of India as the only viable solution to the Hindu-Muslim conflict, suggesting that Muslims should have a separate state to develop independently.\n\nSOURCES: Document 5",
      "metrics": {
        "hit_rate": 1,
        "mrr": 1.0,
        "precision@1": 1.0,
        "precision@5": 0.6,
        "rouge_l": 0.28571428571428575,
        "bleu": 0.06279836144245281,
        "cosine_sim": 0.6821896433830261,
        "relevance": 0.875,
        "faithfulness": 0.5272727272727272
      },
      "answerable": true
    },
    {
      "id": 17,
      "question": "What solution does Ambedkar propose for untouchables in Document 6?",
      "retrieved_sources": [
        "speech6.txt",
        "speech6.txt",
        "speech6.txt",
        "speech6.txt",
        "speech6.txt"
      ],
      "extracted_sources": [
        "The Untouchables"
      ],
      "answer": "In *Document 6*, Ambedkar proposes that the solution for untouchables involves the **annihilation of caste**, coupled with collective action\u2014untouchables must **fight for their rights, organize themselves, educate their children, and enter government services** to gain political power, as emancipation is impossible without it.\n\nSOURCES: The Untouchables",
      "metrics": {
        "hit_rate": 1,
        "mrr": 1.0,
        "precision@1": 1.0,
        "precision@5": 1.0,
        "rouge_l": 0.31034482758620685,
        "bleu": 0.012128803860889928,
        "cosine_sim": 0.5345242619514465,
        "relevance": 0.6923076923076923,
        "faithfulness": 0.6222222222222222
      },
      "answerable": true
    },
    {
      "id": 18,
      "question": "Compare the concept of 'enemy' in Documents 1 and 6",
      "retrieved_sources": [
        "speech3.txt",
        "speech2.txt",
        "speech3.txt",
        "speech3.txt",
        "speech2.txt"
      ],
      "extracted_sources": [
        "Document1.txt",
        "Document6.txt"
      ],
      "answer": "In Document 1, the concept of the \"enemy\" is implicitly framed as the \"tyranny of the majority,\" where the threat to individual or minority rights comes from oppressive societal or governmental forces that undermine equality and freedom. In contrast, Document 6 does not explicitly mention an \"enemy\" but aligns with the idea of self-determination, where the individual is responsible for their own fate, suggesting that external forces (like societal oppression) can be overcome through personal agency and karma, rather than being viewed as an inherent adversary.\n\nSOURCES: Document1.txt, Document6.txt",
      "metrics": {
        "hit_rate": 0,
        "mrr": 0.0,
        "precision@1": 0.0,
        "precision@5": 0.0,
        "rouge_l": 0.21428571428571427,
        "bleu": 0.04847702449356003,
        "cosine_sim": 0.7034494876861572,
        "relevance": 0.7333333333333333,
        "faithfulness": 0.28
      },
      "answerable": true
    },
    {
      "id": 19,
      "question": "How does Ambedkar's view on religion differ between Documents 2 and 5?",
      "retrieved_sources": [
        "speech2.txt",
        "speech2.txt",
        "speech2.txt",
        "speech5.txt",
        "speech2.txt"
      ],
      "extracted_sources": [
        "The Buddha and His Dhamma (Document 2)"
      ],
      "answer": "In *Document 2*, Ambedkar presents Buddhism (Dhamma) as a socially transformative, egalitarian religion centered on moral conduct, human relationships, and the rejection of ritualism, gods, and scriptural authority like the Vedas. By contrast, *Document 5* (assuming it reflects his later or broader critiques) likely portrays religion\u2014including Hinduism\u2014as oppressive, hierarchical, and inherently tied to caste discrimination, arguing for its radical reform or abandonment in favor of rationalism and social justice, though Buddhism remains an exception as a liberating force.\n\nSOURCES: The Buddha and His Dhamma (Document 2)",
      "metrics": {
        "hit_rate": 1,
        "mrr": 1.0,
        "precision@1": 1.0,
        "precision@5": 1.0,
        "rouge_l": 0.21238938053097342,
        "bleu": 0.007038223441310531,
        "cosine_sim": 0.7461422681808472,
        "relevance": 0.5416666666666666,
        "faithfulness": 0.28
      },
      "answerable": true
    },
    {
      "id": 20,
      "question": "What is the relationship between education and liberation in Ambedkar's philosophy?",
      "retrieved_sources": [
        "speech4.txt",
        "speech4.txt",
        "speech6.txt",
        "speech4.txt",
        "speech4.txt"
      ],
      "extracted_sources": [
        "Waiting for a Visa"
      ],
      "answer": "In Ambedkar's philosophy, education is intrinsically linked to liberation, particularly for oppressed communities like the untouchables. He viewed education as the primary tool to dismantle systemic caste oppression, empowering individuals to challenge injustice, assert their rights, and achieve social equality. Through education, the marginalized could break free from humiliation, gain self-respect, and secure their rightful place in society, making it a cornerstone of his vision for annihilating caste and achieving true emancipation.\n\nSOURCES: Waiting for a Visa",
      "metrics": {
        "hit_rate": 1,
        "mrr": 1.0,
        "precision@1": 1.0,
        "precision@5": 1.0,
        "rouge_l": 0.12903225806451613,
        "bleu": 0.0034416878781618403,
        "cosine_sim": 0.6790493726730347,
        "relevance": 0.6428571428571429,
        "faithfulness": 0.373134328358209
      },
      "answerable": true
    },
    {
      "id": 21,
      "question": "What year was Ambedkar born?",
      "retrieved_sources": [
        "speech2.txt",
        "speech6.txt",
        "speech6.txt",
        "speech2.txt",
        "speech1.txt"
      ],
      "extracted_sources": [],
      "answer": "Dr. B.R. Ambedkar was born in the year **1891**.\n\nSOURCES:",
      "metrics": {
        "hit_rate": 0,
        "mrr": 0.0,
        "precision@1": 0.0,
        "precision@5": 0.0,
        "rouge_l": 0.0,
        "bleu": 0.0,
        "cosine_sim": 0.0,
        "relevance": 0.0,
        "faithfulness": 0.23076923076923078
      },
      "answerable": false
    },
    {
      "id": 22,
      "question": "What specific restrictions did untouchables face according to Document 4?",
      "retrieved_sources": [
        "speech6.txt",
        "speech6.txt",
        "speech6.txt",
        "speech6.txt",
        "speech6.txt"
      ],
      "extracted_sources": [
        "The Untouchables"
      ],
      "answer": "According to Document 4, untouchables faced severe restrictions including being forced to live outside villages, denied the right to education and property ownership, and condemned to perform only menial labor.\n\nSOURCES: The Untouchables",
      "metrics": {
        "hit_rate": 0,
        "mrr": 0.0,
        "precision@1": 0.0,
        "precision@5": 0.0,
        "rouge_l": 0.16,
        "bleu": 0.014577516118523641,
        "cosine_sim": 0.5509156584739685,
        "relevance": 0.375,
        "faithfulness": 0.4666666666666667
      },
      "answerable": true
    },
    {
      "id": 23,
      "question": "How does Ambedkar define social democracy in Document 3?",
      "retrieved_sources": [
        "speech3.txt",
        "speech3.txt",
        "speech3.txt",
        "speech3.txt",
        "speech6.txt"
      ],
      "extracted_sources": [
        "States and Minorities"
      ],
      "answer": "Ambedkar defines social democracy in *Document 3* as a way of life that upholds liberty, equality, and fraternity as its foundational principles, essential for sustaining political democracy.\n\nSOURCES: States and Minorities",
      "metrics": {
        "hit_rate": 1,
        "mrr": 1.0,
        "precision@1": 1.0,
        "precision@5": 0.8,
        "rouge_l": 0.45454545454545453,
        "bleu": 0.189902924205034,
        "cosine_sim": 0.4382368326187134,
        "relevance": 0.9230769230769231,
        "faithfulness": 0.625
      },
      "answerable": true
    },
    {
      "id": 24,
      "question": "What does Ambedkar say about the Constitution in Document 3?",
      "retrieved_sources": [
        "speech3.txt",
        "speech3.txt",
        "speech3.txt",
        "speech3.txt",
        "speech3.txt"
      ],
      "extracted_sources": [
        "States and Minorities"
      ],
      "answer": "In *Document 3 (\"States and Minorities\")*, Ambedkar emphasizes that the Constitution is not merely a legalistic document but a \"vehicle of life,\" reflecting the spirit of the age. He underscores the importance of fundamental rights\u2014such as equality, freedom, and protection against exploitation\u2014as justiciable safeguards to prevent the tyranny of the majority over minorities. Additionally, he argues that political democracy must be underpinned by social democracy, which embodies liberty, equality, and fraternity as core principles for a sustainable and equitable society.\n\nSOURCES: States and Minorities",
      "metrics": {
        "hit_rate": 1,
        "mrr": 1.0,
        "precision@1": 1.0,
        "precision@5": 1.0,
        "rouge_l": 0.22857142857142856,
        "bleu": 0.019390237217107777,
        "cosine_sim": 0.39481884241104126,
        "relevance": 0.631578947368421,
        "faithfulness": 0.5362318840579711
      },
      "answerable": true
    },
    {
      "id": 25,
      "question": "How does Ambedkar characterize the Hindu-Muslim problem in Document 5?",
      "retrieved_sources": [
        "speech5.txt",
        "speech5.txt",
        "speech5.txt",
        "speech5.txt",
        "speech5.txt"
      ],
      "extracted_sources": [
        "Pakistan or the Partition of India"
      ],
      "answer": "Ambedkar characterizes the Hindu-Muslim problem in *Document 5* as a clash of nationalities rather than mere communal differences, arguing that Hindus and Muslims constitute two distinct nations due to their divergent religions, cultures, languages, and historical backgrounds. He asserts that Muslims possess a separate national consciousness and cannot thrive under Hindu domination, making the creation of Pakistan inevitable as the only viable solution to ensure their self-determination and cultural development.\n\nSOURCES: Pakistan or the Partition of India",
      "metrics": {
        "hit_rate": 1,
        "mrr": 1.0,
        "precision@1": 1.0,
        "precision@5": 1.0,
        "rouge_l": 0.12903225806451613,
        "bleu": 0.006501598919483674,
        "cosine_sim": 0.491568386554718,
        "relevance": 0.5625,
        "faithfulness": 0.5373134328358209
      },
      "answerable": true
    }
  ],
  "aggregate": {
    "hit_rate": {
      "mean": 0.8,
      "median": 1,
      "stdev": 0.4
    },
    "mrr": {
      "mean": 0.728,
      "median": 1.0,
      "stdev": 0.4142656152759966
    },
    "precision@1": {
      "mean": 0.68,
      "median": 1.0,
      "stdev": 0.466476151587624
    },
    "precision@5": {
      "mean": 0.648,
      "median": 0.8,
      "stdev": 0.3848324310657822
    },
    "rouge_l": {
      "mean": 0.22263103594070277,
      "median": 0.21238938053097342,
      "stdev": 0.12473409053259508
    },
    "bleu": {
      "mean": 0.04474090800892578,
      "median": 0.016181676184942862,
      "stdev": 0.05883561773562077
    },
    "cosine_sim": {
      "mean": 0.5168072986602783,
      "median": 0.5509156584739685,
      "stdev": 0.22290620715466375
    },
    "relevance": {
      "mean": 0.5958551480302052,
      "median": 0.6363636363636364,
      "stdev": 0.2773315694545071
    },
    "faithfulness": {
      "mean": 0.4556586116061812,
      "median": 0.5,
      "stdev": 0.15063411747384634
    }
  }
}