{
  "per_question": [
    {
      "id": 1,
      "question": "What is the real remedy for caste system according to Document 1?",
      "retrieved_sources": [
        "speech1.txt",
        "speech1.txt",
        "speech1.txt",
        "speech1.txt",
        "speech6.txt"
      ],
      "extracted_sources": [
        "Document1.txt"
      ],
      "answer": "The real remedy for the caste system, according to Document 1, is to overthrow the authority of the shastras and abandon the belief in their sanctity, as the persistence of caste is rooted in this belief rather than being merely a social reform issue. Only by rejecting the shastras can the caste system be abolished.\n\nSOURCES: Document1.txt",
      "metrics": {
        "hit_rate": 1,
        "mrr": 1.0,
        "precision@1": 1.0,
        "precision@5": 0.8,
        "rouge_l": 0.33333333333333326,
        "bleu": 0.03786897075270154,
        "cosine_sim": 0.6973010301589966,
        "relevance": 0.9166666666666666,
        "faithfulness": 0.5454545454545454
      },
      "answerable": true
    },
    {
      "id": 2,
      "question": "What does Ambedkar say about the Buddha's view on rituals in Document 2?",
      "retrieved_sources": [
        "speech2.txt",
        "speech2.txt",
        "speech1.txt",
        "speech2.txt",
        "speech1.txt"
      ],
      "extracted_sources": [
        "The Buddha and His Dhamma"
      ],
      "answer": "Dr. Ambedkar highlights that the Buddha strongly opposed ritualism, condemning sacrifices, rejecting the authority of the Vedas, and denying the efficacy of prayers. The Buddha\u2019s Dhamma instead emphasizes moral conduct\u2014avoiding evil, doing good, and purifying the mind\u2014as the core of his teachings, free from ritualistic practices.\n\nSOURCES: The Buddha and His Dhamma",
      "metrics": {
        "hit_rate": 1,
        "mrr": 1.0,
        "precision@1": 1.0,
        "precision@5": 0.6,
        "rouge_l": 0.28169014084507044,
        "bleu": 0.013536518410168837,
        "cosine_sim": 0.7755444049835205,
        "relevance": 0.5,
        "faithfulness": 0.4523809523809524
      },
      "answerable": true
    },
    {
      "id": 3,
      "question": "What two types of constitutional remedies does Ambedkar mention in Document 3?",
      "retrieved_sources": [
        "speech3.txt",
        "speech3.txt",
        "speech6.txt",
        "speech1.txt",
        "speech3.txt"
      ],
      "extracted_sources": [
        "States and Minorities"
      ],
      "answer": "Ambedkar mentions two types of constitutional remedies in *Document 3*: justiciable fundamental rights (such as equality, freedom, and protection against exploitation) and non-justiciable directive principles.\n\nSOURCES: States and Minorities",
      "metrics": {
        "hit_rate": 1,
        "mrr": 1.0,
        "precision@1": 1.0,
        "precision@5": 0.6,
        "rouge_l": 0.2439024390243902,
        "bleu": 0.01676652429098026,
        "cosine_sim": 0.7261859178543091,
        "relevance": 0.7272727272727273,
        "faithfulness": 0.6666666666666666
      },
      "answerable": true
    },
    {
      "id": 4,
      "question": "What personal experiences of untouchability does Ambedkar describe in Document 4?",
      "retrieved_sources": [
        "speech6.txt",
        "speech6.txt",
        "speech4.txt",
        "speech4.txt",
        "speech3.txt"
      ],
      "extracted_sources": [
        "Waiting for a Visa"
      ],
      "answer": "In *Waiting for a Visa*, Ambedkar describes personal experiences of untouchability, including the humiliation of being barred from drinking water from public wells due to his caste. He recounts the stigma, insults, and systemic injustices he faced from childhood as an untouchable, highlighting the dehumanizing treatment imposed by caste discrimination.\n\nSOURCES: Waiting for a Visa",
      "metrics": {
        "hit_rate": 1,
        "mrr": 0.3333333333333333,
        "precision@1": 0.0,
        "precision@5": 0.4,
        "rouge_l": 0.14084507042253522,
        "bleu": 0.017132692355994263,
        "cosine_sim": 0.47663748264312744,
        "relevance": 0.42857142857142855,
        "faithfulness": 0.5208333333333334
      },
      "answerable": true
    },
    {
      "id": 5,
      "question": "Why does Ambedkar believe Pakistan's creation was inevitable in Document 5?",
      "retrieved_sources": [
        "speech5.txt",
        "speech5.txt",
        "speech5.txt",
        "speech1.txt",
        "speech1.txt"
      ],
      "extracted_sources": [
        "Pakistan or the Partition of India"
      ],
      "answer": "Ambedkar believed Pakistan's creation was inevitable because he viewed Hindus and Muslims as two distinct nations with irreconcilable differences in religion, culture, language, and history. He argued that Muslims could not thrive under Hindu domination and required a separate state to preserve their identity, as the unity of India was an artificial construct imposed by British rule rather than a natural or historical reality.\n\nSOURCES: Pakistan or the Partition of India",
      "metrics": {
        "hit_rate": 1,
        "mrr": 1.0,
        "precision@1": 1.0,
        "precision@5": 0.6,
        "rouge_l": 0.27956989247311825,
        "bleu": 0.020196741630292885,
        "cosine_sim": 0.5875605344772339,
        "relevance": 0.6086956521739131,
        "faithfulness": 0.5238095238095238
      },
      "answerable": true
    },
    {
      "id": 6,
      "question": "Who does Ambedkar call 'broken men' in Document 6 and why?",
      "retrieved_sources": [
        "speech6.txt",
        "speech6.txt",
        "speech2.txt",
        "speech2.txt",
        "speech3.txt"
      ],
      "extracted_sources": [
        "The Untouchables"
      ],
      "answer": "In *Document 6*, Ambedkar refers to the untouchables as \"broken men\" because they were the original inhabitants of India who were defeated, subjugated, and marginalized by the invading Aryans, forced to live outside villages and denied basic rights, reducing them to a degraded class in society.\n\nSOURCES: The Untouchables",
      "metrics": {
        "hit_rate": 1,
        "mrr": 1.0,
        "precision@1": 1.0,
        "precision@5": 0.4,
        "rouge_l": 0.3278688524590165,
        "bleu": 0.024026450944373424,
        "cosine_sim": 0.6555737257003784,
        "relevance": 0.9285714285714286,
        "faithfulness": 0.6956521739130435
      },
      "answerable": true
    },
    {
      "id": 7,
      "question": "Compare Ambedkar's views on education in Documents 4 and 6",
      "retrieved_sources": [
        "speech6.txt",
        "speech4.txt",
        "speech4.txt",
        "speech2.txt",
        "speech6.txt"
      ],
      "extracted_sources": [
        "Document4.txt",
        "Document6.txt"
      ],
      "answer": "Dr. B.R. Ambedkar\u2019s views on education in Documents 4 and 6 emphasize its transformative power as a tool for liberation and social justice. In Document 4, he underscores education as essential for untouchables to fight for their rights, organize, and challenge systemic oppression, framing it as a means to achieve equality. Document 6 highlights his personal struggles to access education\u2014facing exclusion and poverty\u2014yet portrays it as the \"key to liberation,\" enabling untouchables to overcome caste-based injustice and claim their rightful place in society.\n\nSOURCES: Document4.txt, Document6.txt",
      "metrics": {
        "hit_rate": 1,
        "mrr": 1.0,
        "precision@1": 1.0,
        "precision@5": 0.8,
        "rouge_l": 0.1565217391304348,
        "bleu": 0.04264229708566469,
        "cosine_sim": 0.6422995924949646,
        "relevance": 0.6818181818181818,
        "faithfulness": 0.3188405797101449
      },
      "answerable": true
    },
    {
      "id": 8,
      "question": "What is Ambedkar's concept of ideal society across Documents 1 and 3?",
      "retrieved_sources": [
        "speech1.txt",
        "speech1.txt",
        "speech2.txt",
        "speech6.txt",
        "speech3.txt"
      ],
      "extracted_sources": [
        "Document1.txt",
        "Document3.txt"
      ],
      "answer": "Ambedkar's concept of an ideal society, as reflected in Documents 1 and 3, is one founded on the principles of *liberty, equality, and fraternity*, free from the oppressive structures of caste and tradition. He envisions a society where individuals are not enslaved by social hierarchies but instead live as free and equal beings, bound by mutual respect and moral conduct. Drawing inspiration from the Buddha\u2019s Dhamma, he emphasizes a socially oriented ethical framework centered on human relationships, advocating for a system that prioritizes individual dignity and collective harmony.\n\nSOURCES: Document1.txt, Document3.txt",
      "metrics": {
        "hit_rate": 1,
        "mrr": 1.0,
        "precision@1": 1.0,
        "precision@5": 0.6,
        "rouge_l": 0.1308411214953271,
        "bleu": 0.04715209676826667,
        "cosine_sim": 0.421195387840271,
        "relevance": 0.6153846153846154,
        "faithfulness": 0.35
      },
      "answerable": true
    },
    {
      "id": 9,
      "question": "How does Ambedkar relate political power to social change in Documents 3 and 6?",
      "retrieved_sources": [
        "speech3.txt",
        "speech1.txt",
        "speech1.txt",
        "speech6.txt",
        "speech2.txt"
      ],
      "extracted_sources": [
        "Document3.txt",
        "Document6.txt"
      ],
      "answer": "In Documents 3 and 6, Ambedkar links political power to social change by arguing that political democracy is unsustainable without foundational social democracy, particularly the eradication of caste. He asserts that caste, rooted in the authority of the *shastras*, must be dismantled through a rejection of religious sanctity rather than mere social reform, as superficial changes fail to address the systemic oppression embedded in belief systems. Political power alone cannot drive meaningful change unless it confronts and uproots the ideological underpinnings of social inequality.\n\nSOURCES: Document3.txt, Document6.txt",
      "metrics": {
        "hit_rate": 1,
        "mrr": 1.0,
        "precision@1": 1.0,
        "precision@5": 0.4,
        "rouge_l": 0.09523809523809523,
        "bleu": 0.005399633033927162,
        "cosine_sim": 0.44690045714378357,
        "relevance": 0.35294117647058826,
        "faithfulness": 0.36619718309859156
      },
      "answerable": true
    },
    {
      "id": 10,
      "question": "What was Ambedkar's favorite food?",
      "retrieved_sources": [
        "speech2.txt",
        "speech2.txt",
        "speech4.txt",
        "speech6.txt",
        "speech1.txt"
      ],
      "extracted_sources": [],
      "answer": "There is no information provided about Dr. B.R. Ambedkar's favorite food in the retrieved passages.\n\nSOURCES:",
      "metrics": {
        "hit_rate": 0,
        "mrr": 0.0,
        "precision@1": 0.0,
        "precision@5": 0.0,
        "rouge_l": 0.0,
        "bleu": 0.0,
        "cosine_sim": 0.0,
        "relevance": 0.0,
        "faithfulness": 0.21052631578947367
      },
      "answerable": false
    },
    {
      "id": 11,
      "question": "When did Ambedkar visit the United States?",
      "retrieved_sources": [
        "speech4.txt",
        "speech4.txt",
        "speech6.txt",
        "speech6.txt",
        "speech2.txt"
      ],
      "extracted_sources": [],
      "answer": "Dr. B.R. Ambedkar visited the United States twice: first in 1913 to pursue his postgraduate studies at Columbia University, where he earned his M.A. and Ph.D., and later in 1950 to deliver a lecture at the same institution.\n\nSOURCES:",
      "metrics": {
        "hit_rate": 0,
        "mrr": 0.0,
        "precision@1": 0.0,
        "precision@5": 0.0,
        "rouge_l": 0.0,
        "bleu": 0.0,
        "cosine_sim": 0.0,
        "relevance": 0.0,
        "faithfulness": 0.2222222222222222
      },
      "answerable": false
    },
    {
      "id": 12,
      "question": "What is the Dhamma according to Document 2?",
      "retrieved_sources": [
        "speech2.txt",
        "speech2.txt",
        "speech6.txt",
        "speech3.txt",
        "speech1.txt"
      ],
      "extracted_sources": [
        "The Buddha and His Dhamma"
      ],
      "answer": "According to Document 2, the Dhamma, as taught by the Buddha, is a social and moral code centered on human relationships, aiming to create a society of free and equal individuals. It emphasizes ethical conduct, rejecting ritualism, sacrifices, the authority of the Vedas, and the efficacy of prayers, while focusing on the well-being of humanity.\n\nSOURCES: The Buddha and His Dhamma",
      "metrics": {
        "hit_rate": 1,
        "mrr": 1.0,
        "precision@1": 1.0,
        "precision@5": 0.4,
        "rouge_l": 0.1095890410958904,
        "bleu": 0.007194847176915021,
        "cosine_sim": 0.3497311472892761,
        "relevance": 0.45454545454545453,
        "faithfulness": 0.5531914893617021
      },
      "answerable": true
    },
    {
      "id": 13,
      "question": "What analogy does Ambedkar use for social reform in Document 1?",
      "retrieved_sources": [
        "speech6.txt",
        "speech1.txt",
        "speech1.txt",
        "speech1.txt",
        "speech3.txt"
      ],
      "extracted_sources": [
        "Document1.txt"
      ],
      "answer": "In Document 1, Ambedkar uses the analogy of a gardener pruning leaves and branches without attacking the roots to describe social reform, arguing that superficial changes fail to address the deep-seated issue of caste, which is rooted in the belief in the sanctity of the shastras.\n\nSOURCES: Document1.txt",
      "metrics": {
        "hit_rate": 1,
        "mrr": 0.5,
        "precision@1": 0.0,
        "precision@5": 0.6,
        "rouge_l": 0.32786885245901637,
        "bleu": 0.16759110211422484,
        "cosine_sim": 0.517019510269165,
        "relevance": 0.9166666666666666,
        "faithfulness": 0.5365853658536586
      },
      "answerable": true
    },
    {
      "id": 14,
      "question": "What fundamental rights does Ambedkar mention in Document 3?",
      "retrieved_sources": [
        "speech3.txt",
        "speech3.txt",
        "speech6.txt",
        "speech6.txt",
        "speech1.txt"
      ],
      "extracted_sources": [
        "States and Minorities"
      ],
      "answer": "In Document 3, Ambedkar emphasizes fundamental rights such as the **right to equality, right to freedom, right against exploitation, and right to constitutional remedies**, which are essential to safeguard minorities from the tyranny of the majority.\n\nSOURCES: States and Minorities",
      "metrics": {
        "hit_rate": 1,
        "mrr": 1.0,
        "precision@1": 1.0,
        "precision@5": 0.4,
        "rouge_l": 0.4528301886792453,
        "bleu": 0.23970214650386484,
        "cosine_sim": 0.6019303202629089,
        "relevance": 0.9090909090909091,
        "faithfulness": 0.6764705882352942
      },
      "answerable": true
    },
    {
      "id": 15,
      "question": "How did Ambedkar struggle for education according to Document 4?",
      "retrieved_sources": [
        "speech6.txt",
        "speech4.txt",
        "speech4.txt",
        "speech2.txt",
        "speech6.txt"
      ],
      "extracted_sources": [
        "Document4.txt"
      ],
      "answer": "Dr. B.R. Ambedkar struggled for education by persisting against severe social and economic barriers, such as being forced to sit outside classrooms due to untouchability and studying under streetlights when he couldn\u2019t afford kerosene. His determination to gain education became a tool for fighting injustice and advocating for the rights of untouchables.\n\nSOURCES: Document4.txt",
      "metrics": {
        "hit_rate": 1,
        "mrr": 0.5,
        "precision@1": 0.0,
        "precision@5": 0.4,
        "rouge_l": 0.2191780821917808,
        "bleu": 0.004862215879511135,
        "cosine_sim": 0.4386504292488098,
        "relevance": 0.35294117647058826,
        "faithfulness": 0.38461538461538464
      },
      "answerable": true
    },
    {
      "id": 16,
      "question": "What does Ambedkar say about the unity of India in Document 5?",
      "retrieved_sources": [
        "speech5.txt",
        "speech6.txt",
        "speech1.txt",
        "speech3.txt",
        "speech3.txt"
      ],
      "extracted_sources": [
        "Document5.txt"
      ],
      "answer": "In Document 5, Ambedkar argues that the unity of India is artificial, asserting that it was imposed by British rule and that India was never truly united before their arrival. He suggests that the Hindu-Muslim conflict can only be resolved through the partition of India, allowing different communities to develop separately according to their own cultures.\n\nSOURCES: Document5.txt",
      "metrics": {
        "hit_rate": 1,
        "mrr": 1.0,
        "precision@1": 1.0,
        "precision@5": 0.2,
        "rouge_l": 0.2857142857142857,
        "bleu": 0.06970518966039892,
        "cosine_sim": 0.6950507760047913,
        "relevance": 0.875,
        "faithfulness": 0.58
      },
      "answerable": true
    },
    {
      "id": 17,
      "question": "What solution does Ambedkar propose for untouchables in Document 6?",
      "retrieved_sources": [
        "speech6.txt",
        "speech6.txt",
        "speech6.txt",
        "speech4.txt",
        "speech3.txt"
      ],
      "extracted_sources": [
        "The Untouchables"
      ],
      "answer": "Dr. Ambedkar proposes that the solution for untouchables lies in the annihilation of the caste system, emphasizing that they must organize, fight for their rights, educate their children, enter government services, and wield political power to protect their interests and achieve emancipation.\n\nSOURCES: The Untouchables",
      "metrics": {
        "hit_rate": 1,
        "mrr": 1.0,
        "precision@1": 1.0,
        "precision@5": 0.6,
        "rouge_l": 0.3571428571428571,
        "bleu": 0.056454827256157414,
        "cosine_sim": 0.5367293357849121,
        "relevance": 0.6923076923076923,
        "faithfulness": 0.7435897435897436
      },
      "answerable": true
    },
    {
      "id": 18,
      "question": "Compare the concept of 'enemy' in Documents 1 and 6",
      "retrieved_sources": [
        "speech3.txt",
        "speech3.txt",
        "speech2.txt",
        "speech6.txt",
        "speech1.txt"
      ],
      "extracted_sources": [
        "States and Minorities",
        "Document_6"
      ],
      "answer": "In *Document 1*, the concept of the \"enemy\" is framed as the \"tyranny of the majority,\" where the threat to individual or minority rights comes from oppressive societal or governmental forces, necessitating constitutional protections like fundamental rights. In contrast, *Document 6* does not explicitly define an \"enemy\" but implies that human suffering or adversity stems from ignorance or misplaced reliance on external forces (e.g., gods), positioning self-determination and personal responsibility as the antidote to life's challenges.\n\nSOURCES: States and Minorities, Document_6",
      "metrics": {
        "hit_rate": 1,
        "mrr": 0.25,
        "precision@1": 0.0,
        "precision@5": 0.4,
        "rouge_l": 0.22857142857142856,
        "bleu": 0.008859907766001918,
        "cosine_sim": 0.7040410041809082,
        "relevance": 0.6666666666666666,
        "faithfulness": 0.3333333333333333
      },
      "answerable": true
    },
    {
      "id": 19,
      "question": "How does Ambedkar's view on religion differ between Documents 2 and 5?",
      "retrieved_sources": [
        "speech2.txt",
        "speech5.txt",
        "speech2.txt",
        "speech6.txt",
        "speech5.txt"
      ],
      "extracted_sources": [
        "The Buddha and His Dhamma",
        "Pakistan or the Partition of India"
      ],
      "answer": "Ambedkar\u2019s view on religion in *Document 2* (\"The Buddha and His Dhamma\") presents Buddhism as a socially transformative, egalitarian moral code centered on human relationships, rejecting divine authority in favor of individual agency and ethical conduct. In contrast, *Document 5* (\"Pakistan or the Partition of India\") frames religion\u2014specifically Hinduism and Islam\u2014as a divisive force tied to national identity, culture, and historical differences, emphasizing its role in shaping communal and political conflicts rather than moral or social reform.\n\nSOURCES: The Buddha and His Dhamma, Pakistan or the Partition of India",
      "metrics": {
        "hit_rate": 1,
        "mrr": 1.0,
        "precision@1": 1.0,
        "precision@5": 0.8,
        "rouge_l": 0.25641025641025644,
        "bleu": 0.008144683185593209,
        "cosine_sim": 0.8008933663368225,
        "relevance": 0.5833333333333334,
        "faithfulness": 0.32432432432432434
      },
      "answerable": true
    },
    {
      "id": 20,
      "question": "What is the relationship between education and liberation in Ambedkar's philosophy?",
      "retrieved_sources": [
        "speech4.txt",
        "speech6.txt",
        "speech4.txt",
        "speech6.txt",
        "speech2.txt"
      ],
      "extracted_sources": [
        "passage1.txt",
        "passage3.txt"
      ],
      "answer": "In Ambedkar's philosophy, education is intrinsically linked to liberation as it serves as the primary tool for emancipation from caste oppression and social injustice. He believed that without education, marginalized communities like the untouchables would remain subjugated, unable to claim their rights or challenge systemic discrimination. Education empowered individuals to resist oppression, organize collectively, and strive for dignity and equality, making it the foundation for both personal and societal transformation.\n\nSOURCES: passage1.txt, passage3.txt",
      "metrics": {
        "hit_rate": 1,
        "mrr": 1.0,
        "precision@1": 1.0,
        "precision@5": 0.8,
        "rouge_l": 0.15555555555555556,
        "bleu": 0.016497877936872074,
        "cosine_sim": 0.7202440500259399,
        "relevance": 0.7857142857142857,
        "faithfulness": 0.3333333333333333
      },
      "answerable": true
    },
    {
      "id": 21,
      "question": "What year was Ambedkar born?",
      "retrieved_sources": [
        "speech2.txt",
        "speech6.txt",
        "speech6.txt",
        "speech1.txt",
        "speech5.txt"
      ],
      "extracted_sources": [],
      "answer": "Dr. B.R. Ambedkar was born in the year 1891.\n\nSOURCES:",
      "metrics": {
        "hit_rate": 0,
        "mrr": 0.0,
        "precision@1": 0.0,
        "precision@5": 0.0,
        "rouge_l": 0.0,
        "bleu": 0.0,
        "cosine_sim": 0.0,
        "relevance": 0.0,
        "faithfulness": 0.25
      },
      "answerable": false
    },
    {
      "id": 22,
      "question": "What specific restrictions did untouchables face according to Document 4?",
      "retrieved_sources": [
        "speech6.txt",
        "speech6.txt",
        "speech4.txt",
        "speech6.txt",
        "speech3.txt"
      ],
      "extracted_sources": [
        "\"The Untouchables\"",
        "\"Waiting for a Visa\""
      ],
      "answer": "According to Document 4, untouchables faced severe restrictions including being denied the right to education and property ownership, forced into menial labor, and subjected to social exclusion such as being barred from using public resources like wells. They were also compelled to live outside village boundaries, reinforcing their marginalized status.\n\nSOURCES: \"The Untouchables\", \"Waiting for a Visa\"",
      "metrics": {
        "hit_rate": 1,
        "mrr": 0.3333333333333333,
        "precision@1": 0.0,
        "precision@5": 0.2,
        "rouge_l": 0.18918918918918917,
        "bleu": 0.008332125726972622,
        "cosine_sim": 0.5604563355445862,
        "relevance": 0.5,
        "faithfulness": 0.4909090909090909
      },
      "answerable": true
    },
    {
      "id": 23,
      "question": "How does Ambedkar define social democracy in Document 3?",
      "retrieved_sources": [
        "speech3.txt",
        "speech3.txt",
        "speech6.txt",
        "speech6.txt",
        "speech2.txt"
      ],
      "extracted_sources": [
        "Document 3"
      ],
      "answer": "In Document 3, Ambedkar defines social democracy as a way of life that fundamentally upholds the principles of liberty, equality, and fraternity. He emphasizes that these values must form the foundation of society to ensure the sustainability of political democracy.\n\nSOURCES: Document 3",
      "metrics": {
        "hit_rate": 1,
        "mrr": 1.0,
        "precision@1": 1.0,
        "precision@5": 0.4,
        "rouge_l": 0.32142857142857145,
        "bleu": 0.13234510956799933,
        "cosine_sim": 0.4494345784187317,
        "relevance": 0.9230769230769231,
        "faithfulness": 0.5405405405405406
      },
      "answerable": true
    },
    {
      "id": 24,
      "question": "What does Ambedkar say about the Constitution in Document 3?",
      "retrieved_sources": [
        "speech3.txt",
        "speech3.txt",
        "speech3.txt",
        "speech6.txt",
        "speech1.txt"
      ],
      "extracted_sources": [
        "States and Minorities"
      ],
      "answer": "In *Document 3*, Ambedkar describes the Constitution as more than a \"mere lawyers' document,\" emphasizing that it is a \"vehicle of life\" reflecting the spirit of the age. He stresses that it must ensure both political and economic democracy, arguing that political democracy cannot endure without social democracy as its foundation. The Constitution should protect minorities through justiciable fundamental rights and non-justiciable directive principles to prevent the tyranny of the majority.\n\nSOURCES: States and Minorities",
      "metrics": {
        "hit_rate": 1,
        "mrr": 1.0,
        "precision@1": 1.0,
        "precision@5": 0.6,
        "rouge_l": 0.23157894736842105,
        "bleu": 0.045807050734186956,
        "cosine_sim": 0.44248998165130615,
        "relevance": 0.7894736842105263,
        "faithfulness": 0.6507936507936508
      },
      "answerable": true
    },
    {
      "id": 25,
      "question": "How does Ambedkar characterize the Hindu-Muslim problem in Document 5?",
      "retrieved_sources": [
        "speech5.txt",
        "speech5.txt",
        "speech5.txt",
        "speech1.txt",
        "speech6.txt"
      ],
      "extracted_sources": [
        "Pakistan or the Partition of India"
      ],
      "answer": "Ambedkar characterizes the Hindu-Muslim problem in *Document 5* as a clash between two distinct nationalities rather than mere religious communities, emphasizing their divergent religions, cultures, languages, and historical backgrounds. He argues that Muslims possess a separate national consciousness and cannot coexist under Hindu domination, making the creation of Pakistan inevitable. Ambedkar further contends that India\u2019s unity was an artificial construct imposed by British rule, asserting that partition is the only viable solution to the conflict.\n\nSOURCES: Pakistan or the Partition of India",
      "metrics": {
        "hit_rate": 1,
        "mrr": 1.0,
        "precision@1": 1.0,
        "precision@5": 0.6,
        "rouge_l": 0.08163265306122448,
        "bleu": 0.006030794981180216,
        "cosine_sim": 0.48126211762428284,
        "relevance": 0.625,
        "faithfulness": 0.5657894736842105
      },
      "answerable": true
    }
  ],
  "aggregate": {
    "hit_rate": {
      "mean": 0.88,
      "median": 1,
      "stdev": 0.32496153618543844
    },
    "mrr": {
      "mean": 0.7566666666666667,
      "median": 1.0,
      "stdev": 0.3726183629995232
    },
    "precision@1": {
      "mean": 0.68,
      "median": 1.0,
      "stdev": 0.466476151587624
    },
    "precision@5": {
      "mean": 0.464,
      "median": 0.4,
      "stdev": 0.23812601705819547
    },
    "rouge_l": {
      "mean": 0.20826002373156174,
      "median": 0.22857142857142856,
      "stdev": 0.11750781274501958
    },
    "bleu": {
      "mean": 0.03984999215048993,
      "median": 0.01676652429098026,
      "stdev": 0.05704349302919491
    },
    "cosine_sim": {
      "mean": 0.509085259437561,
      "median": 0.5367293357849121,
      "stdev": 0.22294472950453043
    },
    "relevance": {
      "mean": 0.5933495467605038,
      "median": 0.625,
      "stdev": 0.2802166081259968
    },
    "faithfulness": {
      "mean": 0.47344239259811055,
      "median": 0.5208333333333334,
      "stdev": 0.15231636275983293
    }
  }
}