{
  "per_question": [
    {
      "id": 1,
      "question": "What is the real remedy for caste system according to Document 1?",
      "retrieved_sources": [
        "speech1.txt",
        "speech1.txt",
        "speech1.txt",
        "speech1.txt",
        "speech1.txt"
      ],
      "extracted_sources": [
        "Annihilation of Caste"
      ],
      "answer": "The real remedy for the caste system, according to Document 1, is to destroy the belief in the sanctity of the shastras (Hindu scriptures) and overthrow their authority. The document argues that as long as people regard the shastras as sacred and infallible, the caste system will persist, and true reform cannot occur without rejecting their legitimacy.\n\nSOURCES: Annihilation of Caste",
      "metrics": {
        "hit_rate": 1,
        "mrr": 1.0,
        "precision@1": 1.0,
        "precision@5": 1.0,
        "rouge_l": 0.37333333333333335,
        "bleu": 0.1576384024575908,
        "cosine_sim": 0.7269155979156494,
        "relevance": 1.0,
        "faithfulness": 0.5833333333333334
      },
      "answerable": true
    },
    {
      "id": 2,
      "question": "What does Ambedkar say about the Buddha's view on rituals in Document 2?",
      "retrieved_sources": [
        "speech2.txt",
        "speech2.txt",
        "speech2.txt",
        "speech2.txt",
        "speech1.txt"
      ],
      "extracted_sources": [
        "The Buddha and His Dhamma"
      ],
      "answer": "Ambedkar highlights that the Buddha strongly opposed ritualism, condemning sacrifices, rejecting the authority of the Vedas, denying the efficacy of prayers, and discarding the usefulness of gods. The Buddha\u2019s Dhamma instead emphasized moral conduct\u2014avoiding evil, doing good, and purifying the mind\u2014as the core of his teachings.\n\nSOURCES: The Buddha and His Dhamma",
      "metrics": {
        "hit_rate": 1,
        "mrr": 1.0,
        "precision@1": 1.0,
        "precision@5": 0.8,
        "rouge_l": 0.3380281690140845,
        "bleu": 0.014602425798587773,
        "cosine_sim": 0.789315402507782,
        "relevance": 0.5555555555555556,
        "faithfulness": 0.525
      },
      "answerable": true
    },
    {
      "id": 3,
      "question": "What two types of constitutional remedies does Ambedkar mention in Document 3?",
      "retrieved_sources": [
        "speech3.txt",
        "speech3.txt",
        "speech3.txt",
        "speech6.txt",
        "speech1.txt"
      ],
      "extracted_sources": [
        "States and Minorities"
      ],
      "answer": "Ambedkar mentions two types of constitutional remedies in *Document 3*: justiciable **fundamental rights** and non-justiciable **directive principles**.\n\nSOURCES: States and Minorities",
      "metrics": {
        "hit_rate": 1,
        "mrr": 1.0,
        "precision@1": 1.0,
        "precision@5": 0.6,
        "rouge_l": 0.30303030303030304,
        "bleu": 0.015237428485138389,
        "cosine_sim": 0.7460286021232605,
        "relevance": 0.6363636363636364,
        "faithfulness": 0.6521739130434783
      },
      "answerable": true
    },
    {
      "id": 4,
      "question": "What personal experiences of untouchability does Ambedkar describe in Document 4?",
      "retrieved_sources": [
        "speech6.txt",
        "speech6.txt",
        "speech6.txt",
        "speech4.txt",
        "speech4.txt"
      ],
      "extracted_sources": [
        "The Untouchables"
      ],
      "answer": "In *Document 4*, Ambedkar describes personal experiences of untouchability such as being forced to live outside village boundaries, denied access to education, barred from owning property, and relegated to degrading menial labor. He also highlights systemic exclusion and the psychological and social oppression faced by untouchables due to caste discrimination.\n\nSOURCES: The Untouchables",
      "metrics": {
        "hit_rate": 1,
        "mrr": 0.25,
        "precision@1": 0.0,
        "precision@5": 0.4,
        "rouge_l": 0.11594202898550725,
        "bleu": 0.008792073298921142,
        "cosine_sim": 0.45448458194732666,
        "relevance": 0.35714285714285715,
        "faithfulness": 0.42
      },
      "answerable": true
    },
    {
      "id": 5,
      "question": "Why does Ambedkar believe Pakistan's creation was inevitable in Document 5?",
      "retrieved_sources": [
        "speech5.txt",
        "speech5.txt",
        "speech5.txt",
        "speech5.txt",
        "speech5.txt"
      ],
      "extracted_sources": [
        "Pakistan or the Partition of India"
      ],
      "answer": "Ambedkar believes Pakistan's creation was inevitable because he views Hindus and Muslims as two distinct nations with separate religions, cultures, languages, and historical backgrounds, making coexistence under a unified India untenable. He argues that Muslims possess a strong consciousness of their separate national identity and refuse to live under Hindu domination, necessitating a separate homeland where they can develop independently.\n\nSOURCES: Pakistan or the Partition of India",
      "metrics": {
        "hit_rate": 1,
        "mrr": 1.0,
        "precision@1": 1.0,
        "precision@5": 1.0,
        "rouge_l": 0.33707865168539325,
        "bleu": 0.08863005960162665,
        "cosine_sim": 0.5990517139434814,
        "relevance": 0.782608695652174,
        "faithfulness": 0.6101694915254238
      },
      "answerable": true
    },
    {
      "id": 6,
      "question": "Who does Ambedkar call 'broken men' in Document 6 and why?",
      "retrieved_sources": [
        "speech2.txt",
        "speech6.txt",
        "speech6.txt",
        "speech2.txt",
        "speech2.txt"
      ],
      "extracted_sources": [
        "The Untouchables"
      ],
      "answer": "In Document 6, Ambedkar refers to the untouchables as \"broken men\" because they were the original inhabitants of India who were defeated, subjugated, and marginalized by the invading Aryans, forced to live outside villages and denied basic rights, reducing them to a degraded class in society.\n\nSOURCES: The Untouchables",
      "metrics": {
        "hit_rate": 1,
        "mrr": 0.5,
        "precision@1": 0.0,
        "precision@5": 0.4,
        "rouge_l": 0.3278688524590165,
        "bleu": 0.024877272326433525,
        "cosine_sim": 0.6560395956039429,
        "relevance": 0.9285714285714286,
        "faithfulness": 0.6666666666666666
      },
      "answerable": true
    },
    {
      "id": 7,
      "question": "Compare Ambedkar's views on education in Documents 4 and 6",
      "retrieved_sources": [
        "speech6.txt",
        "speech4.txt",
        "speech4.txt",
        "speech4.txt",
        "speech4.txt"
      ],
      "extracted_sources": [
        "Document4",
        "Document6"
      ],
      "answer": "In Documents 4 and 6, Dr. B.R. Ambedkar emphasizes the transformative power of education as a tool for liberation and social justice. In Document 4, he highlights the systemic denial of education to untouchables as part of caste oppression and advocates for collective struggle and self-organization to secure rights. Meanwhile, Document 6 reflects his personal experiences, illustrating how education\u2014despite hardships\u2014empowered him to challenge injustice, reinforcing his belief that education is a critical means to dismantle caste-based discrimination and achieve individual and societal emancipation.\n\nSOURCES: Document4, Document6",
      "metrics": {
        "hit_rate": 1,
        "mrr": 1.0,
        "precision@1": 1.0,
        "precision@5": 1.0,
        "rouge_l": 0.19469026548672566,
        "bleu": 0.03781278138250863,
        "cosine_sim": 0.6163864135742188,
        "relevance": 0.6363636363636364,
        "faithfulness": 0.2647058823529412
      },
      "answerable": true
    },
    {
      "id": 8,
      "question": "What is Ambedkar's concept of ideal society across Documents 1 and 3?",
      "retrieved_sources": [
        "speech1.txt",
        "speech1.txt",
        "speech1.txt",
        "speech2.txt",
        "speech6.txt"
      ],
      "extracted_sources": [
        "Document1.txt",
        "Document3.txt"
      ],
      "answer": "Ambedkar's concept of an ideal society, as outlined in Documents 1 and 3, is founded on the principles of **liberty, equality, and fraternity**, rejecting the constraints of tradition and caste-based oppression. He envisions a society where individuals are free from slavery\u2014whether to customs, social hierarchies, or others\u2014and where equality and mutual respect (fraternity) prevail. The realization of this ideal, he argues, is contingent upon the **abolition of caste**, which he identifies as the root obstacle to social justice and true democracy.\n\nSOURCES: Document1.txt, Document3.txt",
      "metrics": {
        "hit_rate": 1,
        "mrr": 1.0,
        "precision@1": 1.0,
        "precision@5": 0.6,
        "rouge_l": 0.1568627450980392,
        "bleu": 0.04997142758459487,
        "cosine_sim": 0.49049824476242065,
        "relevance": 0.6923076923076923,
        "faithfulness": 0.3382352941176471
      },
      "answerable": true
    },
    {
      "id": 9,
      "question": "How does Ambedkar relate political power to social change in Documents 3 and 6?",
      "retrieved_sources": [
        "speech3.txt",
        "speech1.txt",
        "speech1.txt",
        "speech3.txt",
        "speech1.txt"
      ],
      "extracted_sources": [
        "Document3.txt",
        "Document6.txt"
      ],
      "answer": "In Documents 3 and 6, Ambedkar links political power to social change by arguing that political democracy alone is insufficient without social democracy. He asserts that true social transformation requires dismantling entrenched systems like caste, which are upheld by religious texts (shastras), and that political power must be used to abolish such oppressive structures to achieve liberty, equality, and fraternity. Without addressing these social inequalities, political democracy remains fragile and incomplete.\n\nSOURCES: Document3.txt, Document6.txt",
      "metrics": {
        "hit_rate": 1,
        "mrr": 1.0,
        "precision@1": 1.0,
        "precision@5": 0.4,
        "rouge_l": 0.10869565217391304,
        "bleu": 0.007397773270120585,
        "cosine_sim": 0.4718233644962311,
        "relevance": 0.35294117647058826,
        "faithfulness": 0.3114754098360656
      },
      "answerable": true
    },
    {
      "id": 10,
      "question": "What was Ambedkar's favorite food?",
      "retrieved_sources": [
        "speech2.txt",
        "speech2.txt",
        "speech2.txt",
        "speech2.txt",
        "speech4.txt"
      ],
      "extracted_sources": [],
      "answer": "There is no reliable information in the provided passages about Dr. B.R. Ambedkar's favorite food, as they focus on his philosophical and social views rather than personal preferences.\n\nSOURCES:",
      "metrics": {
        "hit_rate": 0,
        "mrr": 0.0,
        "precision@1": 0.0,
        "precision@5": 0.0,
        "rouge_l": 0.0,
        "bleu": 0.0,
        "cosine_sim": 0.0,
        "relevance": 0.0,
        "faithfulness": 0.2727272727272727
      },
      "answerable": false
    },
    {
      "id": 11,
      "question": "When did Ambedkar visit the United States?",
      "retrieved_sources": [
        "speech4.txt",
        "speech4.txt",
        "speech4.txt",
        "speech6.txt",
        "speech6.txt"
      ],
      "extracted_sources": [
        "(No relevant source filenames provided in the passages)"
      ],
      "answer": "Dr. B.R. Ambedkar visited the United States twice: first in 1913 to pursue his postgraduate studies at Columbia University, where he earned his M.A. and Ph.D., and later in 1950 to attend a conference.\n\nSOURCES: (No relevant source filenames provided in the passages)",
      "metrics": {
        "hit_rate": 0,
        "mrr": 0.0,
        "precision@1": 0.0,
        "precision@5": 0.0,
        "rouge_l": 0.0,
        "bleu": 0.0,
        "cosine_sim": 0.0,
        "relevance": 0.0,
        "faithfulness": 0.14285714285714285
      },
      "answerable": false
    },
    {
      "id": 12,
      "question": "What is the Dhamma according to Document 2?",
      "retrieved_sources": [
        "speech2.txt",
        "speech2.txt",
        "speech2.txt",
        "speech2.txt",
        "speech6.txt"
      ],
      "extracted_sources": [
        "The Buddha and His Dhamma"
      ],
      "answer": "According to Document 2, the Dhamma, as taught by the Buddha, is a moral and social code centered on avoiding evil, doing good, and purifying the mind. It emphasizes human relationships and equality, rejecting ritualism, sacrifices, the authority of the Vedas, prayers, and the usefulness of gods, positioning itself as a practical guide for a free and just society.\n\nSOURCES: The Buddha and His Dhamma",
      "metrics": {
        "hit_rate": 1,
        "mrr": 1.0,
        "precision@1": 1.0,
        "precision@5": 0.8,
        "rouge_l": 0.2368421052631579,
        "bleu": 0.02235136879910394,
        "cosine_sim": 0.4376888871192932,
        "relevance": 0.7272727272727273,
        "faithfulness": 0.5686274509803921
      },
      "answerable": true
    },
    {
      "id": 13,
      "question": "What analogy does Ambedkar use for social reform in Document 1?",
      "retrieved_sources": [
        "speech1.txt",
        "speech6.txt",
        "speech1.txt",
        "speech1.txt",
        "speech1.txt"
      ],
      "extracted_sources": [
        "Document1.txt"
      ],
      "answer": "Ambedkar uses the analogy of a gardener pruning leaves and branches without attacking the roots to describe social reform, arguing that superficial changes fail to address the core issue\u2014the deep-seated belief in the sanctity of the shastras, which perpetuates caste.\n\nSOURCES: Document1.txt",
      "metrics": {
        "hit_rate": 1,
        "mrr": 1.0,
        "precision@1": 1.0,
        "precision@5": 0.8,
        "rouge_l": 0.3571428571428571,
        "bleu": 0.19396927209044976,
        "cosine_sim": 0.5109968185424805,
        "relevance": 0.9166666666666666,
        "faithfulness": 0.5384615384615384
      },
      "answerable": true
    },
    {
      "id": 14,
      "question": "What fundamental rights does Ambedkar mention in Document 3?",
      "retrieved_sources": [
        "speech3.txt",
        "speech3.txt",
        "speech3.txt",
        "speech6.txt",
        "speech6.txt"
      ],
      "extracted_sources": [
        "States and Minorities"
      ],
      "answer": "In Document 3, Ambedkar mentions the following fundamental rights: the right to equality, the right to freedom, the right against exploitation, and the right to constitutional remedies. These rights are emphasized as essential for protecting minorities from the tyranny of the majority.\n\nSOURCES: States and Minorities",
      "metrics": {
        "hit_rate": 1,
        "mrr": 1.0,
        "precision@1": 1.0,
        "precision@5": 0.6,
        "rouge_l": 0.4067796610169491,
        "bleu": 0.13733465907927725,
        "cosine_sim": 0.6874749660491943,
        "relevance": 0.9090909090909091,
        "faithfulness": 0.6857142857142857
      },
      "answerable": true
    },
    {
      "id": 15,
      "question": "How did Ambedkar struggle for education according to Document 4?",
      "retrieved_sources": [
        "speech6.txt",
        "speech4.txt",
        "speech4.txt",
        "speech4.txt",
        "speech2.txt"
      ],
      "extracted_sources": [
        "Document4.txt"
      ],
      "answer": "Dr. B.R. Ambedkar struggled for education by persisting against severe social and economic barriers; he attended school but was forced to sit outside the classroom due to untouchability, and later studied under streetlights when he couldn\u2019t afford kerosene for lamps. His determination to gain education became a cornerstone of his fight against caste-based oppression.\n\nSOURCES: Document4.txt",
      "metrics": {
        "hit_rate": 1,
        "mrr": 0.5,
        "precision@1": 0.0,
        "precision@5": 0.6,
        "rouge_l": 0.23684210526315785,
        "bleu": 0.008998901289965153,
        "cosine_sim": 0.47545623779296875,
        "relevance": 0.5294117647058824,
        "faithfulness": 0.42592592592592593
      },
      "answerable": true
    },
    {
      "id": 16,
      "question": "What does Ambedkar say about the unity of India in Document 5?",
      "retrieved_sources": [
        "speech5.txt",
        "speech5.txt",
        "speech6.txt",
        "speech1.txt",
        "speech3.txt"
      ],
      "extracted_sources": [
        "Document 5"
      ],
      "answer": "In Document 5, Ambedkar argues that the unity of India is artificial, asserting that it was imposed by British colonial rule rather than emerging organically. He contends that India was never truly united before British intervention and advocates for the partition of India as the only viable solution to the Hindu-Muslim conflict, suggesting that Muslims should have a separate state to develop independently.\n\nSOURCES: Document 5",
      "metrics": {
        "hit_rate": 1,
        "mrr": 1.0,
        "precision@1": 1.0,
        "precision@5": 0.4,
        "rouge_l": 0.28571428571428575,
        "bleu": 0.06279836144245281,
        "cosine_sim": 0.6799559593200684,
        "relevance": 0.875,
        "faithfulness": 0.5272727272727272
      },
      "answerable": true
    },
    {
      "id": 17,
      "question": "What solution does Ambedkar propose for untouchables in Document 6?",
      "retrieved_sources": [
        "speech6.txt",
        "speech6.txt",
        "speech6.txt",
        "speech6.txt",
        "speech6.txt"
      ],
      "extracted_sources": [
        "The Untouchables"
      ],
      "answer": "Dr. B.R. Ambedkar proposes that the solution for untouchables lies in the **annihilation of caste** through collective action. He advocates for untouchables to **fight for their rights, organize themselves, and educate their children** to break free from oppression and achieve social equality.\n\nSOURCES: The Untouchables",
      "metrics": {
        "hit_rate": 1,
        "mrr": 1.0,
        "precision@1": 1.0,
        "precision@5": 1.0,
        "rouge_l": 0.21052631578947367,
        "bleu": 0.010237869503610934,
        "cosine_sim": 0.5017808675765991,
        "relevance": 0.46153846153846156,
        "faithfulness": 0.475
      },
      "answerable": true
    },
    {
      "id": 18,
      "question": "Compare the concept of 'enemy' in Documents 1 and 6",
      "retrieved_sources": [
        "speech3.txt",
        "speech2.txt",
        "speech3.txt",
        "speech3.txt",
        "speech2.txt"
      ],
      "extracted_sources": [
        "Document1.txt",
        "Document6.txt"
      ],
      "answer": "In Document 1, the concept of the \"enemy\" is implicitly framed as the \"tyranny of the majority,\" where the threat to individual or minority rights comes from oppressive societal or governmental forces that undermine equality and freedom. In contrast, Document 6 does not explicitly mention an \"enemy\" but aligns with the idea of self-determination, where the individual is responsible for their own fate, suggesting that external forces (like societal oppression) can be overcome through personal agency and karma, rather than being viewed as an inherent adversary.\n\nSOURCES: Document1.txt, Document6.txt",
      "metrics": {
        "hit_rate": 0,
        "mrr": 0.0,
        "precision@1": 0.0,
        "precision@5": 0.0,
        "rouge_l": 0.21428571428571427,
        "bleu": 0.04847702449356003,
        "cosine_sim": 0.7034494876861572,
        "relevance": 0.7333333333333333,
        "faithfulness": 0.28
      },
      "answerable": true
    },
    {
      "id": 19,
      "question": "How does Ambedkar's view on religion differ between Documents 2 and 5?",
      "retrieved_sources": [
        "speech2.txt",
        "speech2.txt",
        "speech5.txt",
        "speech2.txt",
        "speech6.txt"
      ],
      "extracted_sources": [
        "The Buddha and His Dhamma",
        "Pakistan or the Partition of India"
      ],
      "answer": "In *Document 2* (\"The Buddha and His Dhamma\"), Ambedkar presents Buddhism as a rational, egalitarian, and socially transformative religion centered on moral conduct, human relationships, and the rejection of ritualism, gods, and scriptural authority like the Vedas. Conversely, in *Document 5* (\"Pakistan or the Partition of India\"), he adopts a more critical stance toward religion, framing Hinduism and Islam as divisive forces that create distinct national identities, reinforcing communal differences rather than fostering unity or social reform.\n\nSOURCES: The Buddha and His Dhamma, Pakistan or the Partition of India",
      "metrics": {
        "hit_rate": 1,
        "mrr": 1.0,
        "precision@1": 1.0,
        "precision@5": 0.8,
        "rouge_l": 0.24561403508771934,
        "bleu": 0.00748710043303999,
        "cosine_sim": 0.7664652466773987,
        "relevance": 0.5833333333333334,
        "faithfulness": 0.3611111111111111
      },
      "answerable": true
    },
    {
      "id": 20,
      "question": "What is the relationship between education and liberation in Ambedkar's philosophy?",
      "retrieved_sources": [
        "speech4.txt",
        "speech6.txt",
        "speech4.txt",
        "speech4.txt",
        "speech4.txt"
      ],
      "extracted_sources": [
        "passage1.txt",
        "passage3.txt"
      ],
      "answer": "In Ambedkar's philosophy, education is a fundamental tool for liberation, particularly for the oppressed and marginalized, such as the untouchables. He believed that education empowers individuals to challenge systemic injustice, assert their rights, and break free from the shackles of caste-based oppression. Through education, Ambedkar saw the potential for social transformation, enabling the downtrodden to organize, resist discrimination, and achieve dignity and equality in society.\n\nSOURCES: passage1.txt, passage3.txt",
      "metrics": {
        "hit_rate": 1,
        "mrr": 1.0,
        "precision@1": 1.0,
        "precision@5": 1.0,
        "rouge_l": 0.18604651162790697,
        "bleu": 0.006721154670334977,
        "cosine_sim": 0.6605429649353027,
        "relevance": 0.6428571428571429,
        "faithfulness": 0.3275862068965517
      },
      "answerable": true
    },
    {
      "id": 21,
      "question": "What year was Ambedkar born?",
      "retrieved_sources": [
        "speech2.txt",
        "speech6.txt",
        "speech6.txt",
        "speech2.txt",
        "speech1.txt"
      ],
      "extracted_sources": [],
      "answer": "Dr. B.R. Ambedkar was born in the year 1891.\n\nSOURCES:",
      "metrics": {
        "hit_rate": 0,
        "mrr": 0.0,
        "precision@1": 0.0,
        "precision@5": 0.0,
        "rouge_l": 0.0,
        "bleu": 0.0,
        "cosine_sim": 0.0,
        "relevance": 0.0,
        "faithfulness": 0.25
      },
      "answerable": false
    },
    {
      "id": 22,
      "question": "What specific restrictions did untouchables face according to Document 4?",
      "retrieved_sources": [
        "speech6.txt",
        "speech6.txt",
        "speech6.txt",
        "speech6.txt",
        "speech4.txt"
      ],
      "extracted_sources": [
        "The Untouchables"
      ],
      "answer": "According to Document 4, untouchables faced severe restrictions including being denied the right to education and property ownership, forced to live outside village boundaries, and condemned to perform only menial labor.\n\nSOURCES: The Untouchables",
      "metrics": {
        "hit_rate": 1,
        "mrr": 0.2,
        "precision@1": 0.0,
        "precision@5": 0.2,
        "rouge_l": 0.19607843137254904,
        "bleu": 0.013722599955986396,
        "cosine_sim": 0.5179441571235657,
        "relevance": 0.3125,
        "faithfulness": 0.5483870967741935
      },
      "answerable": true
    },
    {
      "id": 23,
      "question": "How does Ambedkar define social democracy in Document 3?",
      "retrieved_sources": [
        "speech3.txt",
        "speech3.txt",
        "speech3.txt",
        "speech6.txt",
        "speech6.txt"
      ],
      "extracted_sources": [
        "Document 3"
      ],
      "answer": "Ambedkar defines social democracy in *Document 3* as a way of life that fundamentally upholds the principles of liberty, equality, and fraternity, forming the bedrock for political democracy to endure and thrive.\n\nSOURCES: Document 3",
      "metrics": {
        "hit_rate": 1,
        "mrr": 1.0,
        "precision@1": 1.0,
        "precision@5": 0.6,
        "rouge_l": 0.3333333333333333,
        "bleu": 0.1552357389121268,
        "cosine_sim": 0.4193999469280243,
        "relevance": 0.9230769230769231,
        "faithfulness": 0.5454545454545454
      },
      "answerable": true
    },
    {
      "id": 24,
      "question": "What does Ambedkar say about the Constitution in Document 3?",
      "retrieved_sources": [
        "speech3.txt",
        "speech3.txt",
        "speech3.txt",
        "speech3.txt",
        "speech3.txt"
      ],
      "extracted_sources": [
        "States and Minorities"
      ],
      "answer": "In *Document 3*, Ambedkar emphasizes that the Constitution is not merely a legalistic or technical document but a \"vehicle of life,\" reflecting the spirit of its time. He underscores the importance of fundamental rights\u2014such as equality, freedom, and protection against exploitation\u2014as justiciable safeguards to prevent the tyranny of the majority over minorities, distinguishing them from non-justiciable directive principles.\n\nSOURCES: States and Minorities",
      "metrics": {
        "hit_rate": 1,
        "mrr": 1.0,
        "precision@1": 1.0,
        "precision@5": 1.0,
        "rouge_l": 0.2619047619047619,
        "bleu": 0.025674911498736463,
        "cosine_sim": 0.4110887944698334,
        "relevance": 0.5789473684210527,
        "faithfulness": 0.5263157894736842
      },
      "answerable": true
    },
    {
      "id": 25,
      "question": "How does Ambedkar characterize the Hindu-Muslim problem in Document 5?",
      "retrieved_sources": [
        "speech5.txt",
        "speech5.txt",
        "speech5.txt",
        "speech5.txt",
        "speech1.txt"
      ],
      "extracted_sources": [
        "Pakistan or the Partition of India"
      ],
      "answer": "Ambedkar characterizes the Hindu-Muslim problem in *Document 5* as a conflict between two distinct nationalities rather than mere religious communities. He argues that Hindus and Muslims possess fundamentally different religions, cultures, languages, and historical backgrounds, with Muslims asserting a separate national identity and demanding a homeland (Pakistan) to escape Hindu domination and preserve their own civilization.\n\nSOURCES: Pakistan or the Partition of India",
      "metrics": {
        "hit_rate": 1,
        "mrr": 1.0,
        "precision@1": 1.0,
        "precision@5": 0.8,
        "rouge_l": 0.15384615384615383,
        "bleu": 0.00794441302993671,
        "cosine_sim": 0.49651041626930237,
        "relevance": 0.6875,
        "faithfulness": 0.5737704918032787
      },
      "answerable": true
    }
  ],
  "aggregate": {
    "hit_rate": {
      "mean": 0.84,
      "median": 1,
      "stdev": 0.3666060555964672
    },
    "mrr": {
      "mean": 0.738,
      "median": 1.0,
      "stdev": 0.399319421015307
    },
    "precision@1": {
      "mean": 0.68,
      "median": 1.0,
      "stdev": 0.466476151587624
    },
    "precision@5": {
      "mean": 0.592,
      "median": 0.6,
      "stdev": 0.341666504065002
    },
    "rouge_l": {
      "mean": 0.22321945091657344,
      "median": 0.23684210526315785,
      "stdev": 0.11358243136262444
    },
    "bleu": {
      "mean": 0.04423652077616414,
      "median": 0.015237428485138389,
      "stdev": 0.0556706695976292
    },
    "cosine_sim": {
      "mean": 0.51277193069458,
      "median": 0.5109968185424805,
      "stdev": 0.2206674195801057
    },
    "relevance": {
      "mean": 0.5928953323489601,
      "median": 0.6363636363636364,
      "stdev": 0.2856585952562867
    },
    "faithfulness": {
      "mean": 0.4568388630531282,
      "median": 0.525,
      "stdev": 0.14761289602742161
    }
  }
}